image_id,x,y,width,height,radar_distance
1,322.0,252.0,115.0,78.0,13
2,517.0,256.0,27.0,22.0,76
3,503.0,258.0,28.0,20.0,72
4,482.0,258.0,30.0,22.0,68
5,484.0,262.0,32.0,23.0,67
6,492.0,261.0,33.0,22.0,61
7,493.0,263.0,33.0,25.0,61
8,470.0,260.0,37.0,27.0,56
9,249.0,228.0,120.0,73.0,18
10,139.0,223.0,164.0,94.0,16
11,47.0,221.0,209.0,107.0,12
12,0.0,209.0,120.0,145.0,8
14,511.6,262.5,24.7,15.7,83
15,344.0,250.0,84.0,50.0,26
17,497.9,263.0,26.1,15.2,77
18,492.8,261.6,24.7,17.7,75
19,495.0,265.0,36.0,20.0,74
20,505.0,266.0,30.0,19.0,72
21,527.0,269.0,30.0,18.0,70
22,514.0,263.0,34.0,20.0,68
23,512.0,267.0,33.0,20.0,67
24,514.0,262.0,34.0,20.0,61
25,487.0,260.0,33.0,21.0,58
26,483.0,258.0,35.0,22.0,57
27,475.0,270.0,34.0,21.0,55
28,478.0,255.0,37.0,26.0,51
29,494.0,261.0,43.0,25.0,45
30,524.37,263.32,16.31,12.26,81
31,478.0,251.6,32.9,25.4,59
32,137.0,262.0,134.0,75.0,19
33,474.0,254.0,36.0,27.0,56
34,428.0,258.0,49.0,34.0,40
35,433.0,256.0,53.0,38.0,39
37,282.0,234.0,121.0,78.0,19
38,1.0,207.0,176.0,159.0,9
39,583.71,267.9,16.79,10.02,74
40,577.51,265.0,14.39,10.02,99
41,39.0,267.0,179.0,93.0,15
42,599.5,265.5,14.4,11.1,98
43,485.0,260.2,29.1,20.8,64
44,429.0,259.8,33.2,21.2,59
45,435.0,265.2,35.1,24.8,58
46,547.44,267.3,14.06,11.67,81
47,443.8,252.2,39.9,26.8,48
48,491.0,253.0,21.0,18.0,79
49,439.0,257.0,45.0,30.0,44
50,494.0,256.0,28.0,21.0,72
51,439.0,259.0,31.0,25.0,61
52,333.0,255.0,69.0,42.0,31
53,426.0,259.0,32.0,25.0,60
54,65.0,227.0,194.0,104.0,13
55,556.4,259.4,14.4,11.4,92
56,523.8,263.6,16.2,13.3,90
57,516.1,265.5,17.3,14.4,89
58,501.2,256.6,16.42,17.0,88
59,497.0,262.4,18.56,15.38,87
60,487.0,263.0,24.0,18.0,86
61,469.0,258.0,23.0,19.0,80
62,493.0,256.0,21.0,22.0,79
63,470.0,257.0,22.0,18.0,77
64,469.0,264.0,23.0,18.0,75
65,456.0,263.0,24.0,17.0,74
66,437.0,263.0,22.0,18.0,72
67,437.0,267.0,27.0,19.0,72
68,517.0,270.8,30.4,24.7,63
69,496.25,273.9,22.05,20.76,79
70,501.11,235.0,21.29,20.79,61
71,501.33,234.3,22.57,22.71,78
72,492.0,268.0,31.0,22.0,60
73,493.0,250.0,40.0,21.0,57
74,514.0,271.0,30.0,21.0,53
75,514.0,271.0,30.0,21.0,71
76,520.17,259.7,46.53,31.47,39
77,500.92,266.6,21.28,22.23,57
78,514.0,268.0,30.0,17.0,68
79,440.0,246.0,69.0,51.0,28
80,501.0,271.0,30.0,16.0,68
81,51.0,205.0,291.0,165.0,8
82,498.0,270.0,35.0,19.0,66
83,288.0,248.0,85.0,58.0,26
84,1.0,167.0,255.0,253.0,4
85,495.42,269.52,27.0,18.0,66
86,528.0,270.0,38.0,18.0,62
87,440.63,255.9,22.97,20.85,97
88,542.35,266.1,8.9,8.3,90
89,537.02,261.2,7.88,3.03,88
90,553.4,262.6,7.4,6.69,87
91,489.0,260.0,27.0,18.0,85
92,472.0,261.0,30.0,18.0,85
93,471.0,256.0,31.0,22.0,73
94,466.0,258.0,31.0,20.0,71
95,481.0,264.0,31.0,22.0,67
96,459.0,267.0,42.0,21.0,59
97,420.0,254.0,46.0,34.0,45
98,425.0,262.0,52.0,34.0,44
99,375.1,244.4,60.0,37.52,36
100,369.77,238.6,65.73,41.62,33
102,447.0,268.0,41.0,23.0,59
103,450.0,267.0,39.0,23.0,57
104,404.0,267.0,26.0,18.0,15
105,456.0,266.0,37.0,24.0,56
106,455.0,268.0,39.0,21.0,53
107,440.0,259.0,40.0,28.0,50
109,468.0,263.0,41.0,29.0,49
110,469.0,271.0,40.0,29.0,48
111,571.0,271.0,37.0,20.0,79
112,406.0,264.0,52.0,34.0,39
113,392.0,259.0,53.0,35.0,37
118,490.0,264.0,23.0,16.0,86
120,482.0,262.0,28.0,19.0,72
121,460.0,266.0,29.0,18.0,70
122,561.06,261.7,15.04,11.9,99
123,480.0,261.0,34.0,22.0,59
124,508.0,257.0,42.0,29.0,50
125,496.0,255.0,44.0,29.0,46
126,474.0,258.0,45.0,28.0,45
127,516.0,266.0,22.0,15.0,94
128,419.0,265.0,46.0,34.0,50
129,518.0,271.0,24.0,15.0,85
130,453.0,260.0,51.0,36.0,44
131,454.0,254.0,56.0,41.0,42
132,346.0,253.0,68.0,46.0,32
133,509.0,263.3,26.0,19.7,65
134,284.0,268.0,90.0,51.0,24
135,180.0,230.0,154.0,87.0,19
136,494.0,260.0,44.0,33.0,40
137,159.0,227.0,162.0,89.0,16
138,486.0,257.0,46.0,33.0,39
139,114.0,217.0,178.0,100.0,15
140,466.0,254.0,50.0,37.0,36
141,444.0,253.0,51.0,38.0,35
142,0.0,219.0,239.0,132.0,12
143,0.0,210.0,239.0,135.0,11
144,452.0,247.0,65.0,47.0,27
145,0.0,211.0,228.0,139.0,11
146,446.0,250.0,66.0,49.0,26
147,428.0,248.0,67.0,49.0,26
148,421.0,248.0,69.0,50.0,26
149,1.0,210.0,189.0,141.0,10
150,417.0,250.0,68.0,50.0,25
151,417.0,249.0,70.0,53.0,24
152,419.0,246.0,78.0,59.0,22
153,420.0,247.0,85.0,62.0,21
154,364.0,244.0,105.0,72.0,17
155,346.0,246.0,107.0,77.0,17
156,345.0,249.0,110.0,80.0,16
157,348.0,253.0,107.0,78.0,16
158,358.0,246.0,120.0,86.0,15
159,355.0,249.0,121.0,84.0,15
160,356.0,247.0,121.0,86.0,15
161,356.0,246.0,123.0,87.0,15
162,356.0,246.0,123.0,87.0,15
163,346.0,237.0,140.0,93.0,13
164,586.0,266.0,25.0,18.0,89
165,586.0,266.0,25.0,18.0,90
166,589.0,269.0,25.0,17.0,88
167,591.0,272.0,25.0,16.0,86
168,586.0,268.4,23.3,16.6,85
169,588.0,267.0,36.0,18.0,83
170,61.0,255.0,186.0,93.0,16
171,382.0,257.0,48.0,32.0,50
172,582.0,267.8,22.3,17.2,83
173,568.0,266.2,24.4,17.8,81
174,552.0,263.0,29.0,18.0,80
175,544.0,264.0,28.0,17.0,79
176,532.0,264.0,26.0,18.0,78
177,319.0,249.0,142.0,105.0,12
178,494.0,277.0,32.0,19.0,61
179,29.0,261.0,224.0,106.0,12
180,521.0,272.0,33.0,19.0,60
181,44.0,255.0,220.0,106.0,12
182,529.0,265.0,35.0,23.0,58
183,97.0,249.0,213.0,101.0,12
184,577.0,269.0,41.0,24.0,52
185,407.0,234.0,154.0,101.0,11
186,591.0,269.0,37.0,24.0,51
187,587.0,271.0,40.0,26.0,51
188,529.0,251.0,39.0,28.0,46
189,428.0,254.0,52.0,34.0,47
190,4.0,212.0,238.0,108.0,12
191,531.0,245.0,40.0,30.0,46
192,334.0,205.0,148.0,109.0,10
193,334.0,205.0,148.0,109.0,36
194,425.0,246.0,54.0,39.0,34
195,97.0,212.0,224.0,127.0,9
196,78.0,210.0,247.0,142.0,8
197,1.0,191.0,312.0,177.0,6
198,452.0,255.0,50.0,36.0,40
199,457.0,251.0,58.0,41.0,36
200,139.41,254.6,209.69,115.18,13
201,114.0,252.0,224.0,114.0,12
202,623.0,252.0,34.4,29.0,50
203,614.83,258.1,37.07,30.28,48
204,659.0,257.0,40.0,29.0,46
205,598.0,252.0,42.0,31.0,40
206,537.0,269.0,47.0,35.0,36
207,505.0,254.0,50.0,37.0,34
208,453.54,248.0,59.0,47.76,27
209,148.0,226.0,208.0,120.0,10
210,238.0,254.0,87.0,51.0,31
211,447.0,249.0,33.0,26.0,56
212,447.0,248.0,35.0,27.0,55
213,438.0,247.0,33.0,27.0,55
214,403.0,257.0,33.0,28.0,53
215,535.0,253.0,33.0,27.0,52
216,576.3,256.7,19.9,14.1,97
217,549.0,254.0,37.0,27.0,51
218,425.0,252.0,38.0,30.0,48
219,464.2,259.0,16.3,14.1,85
220,403.0,255.0,43.0,33.0,44
221,457.0,251.0,45.0,34.0,43
222,430.0,248.0,51.0,42.0,36
223,423.0,245.0,49.0,43.0,36
224,400.0,219.0,115.0,95.0,14
225,459.0,207.0,175.0,136.0,8
226,331.0,253.0,76.0,51.0,39
227,464.0,204.0,186.0,145.0,8
228,319.23,250.1,84.17,59.99,37
229,311.0,244.0,92.0,60.0,35
230,565.0,165.0,302.0,204.0,6
231,76.0,245.0,147.0,76.0,20
232,508.0,256.0,30.0,20.0,71
233,72.0,214.0,221.0,111.0,12
234,46.0,245.0,177.0,88.0,15
235,0.0,237.0,162.0,89.0,20
236,3.0,253.0,221.0,113.0,13
236,386.0,266.0,24.0,18.0,13
237,512.0,251.0,32.0,26.0,54
238,1.0,236.0,231.0,127.0,10
239,470.0,253.0,41.0,28.0,54
240,356.0,250.0,76.0,48.0,26
241,324.77,252.23,80.0,52.0,25
242,430.34,234.0,91.0,69.0,20
243,410.01,234.7,91.0,72.3,19
244,351.3,233.3,111.7,80.7,16
245,541.4,253.8,22.4,18.0,84
246,468.9,261.0,34.2,22.0,55
247,471.4,258.0,36.6,25.0,54
248,485.0,263.0,37.0,24.0,53
249,479.0,261.0,36.0,24.0,52
250,457.3,259.0,39.4,25.7,51
251,561.49,258.54,25.0,19.4,75
252,307.0,258.0,78.0,49.0,26
253,417.8,263.0,40.2,26.0,48
254,529.6,260.2,24.4,19.5,73
255,566.7,259.0,31.3,26.0,50
256,0.0,234.0,228.0,115.0,10
257,568.8,255.0,35.7,25.0,50
258,591.2,255.0,38.4,28.3,25
259,651.0,231.0,112.0,78.0,17
260,589.3,252.6,47.9,32.3,39
261,671.0,231.0,122.0,86.0,16
262,596.0,255.0,47.0,33.0,38
263,674.2,232.0,129.8,93.0,15
264,597.8,257.93,48.3,32.87,37
265,640.9,247.0,74.1,51.0,25
266,654.0,251.0,79.0,52.3,22
267,805.4,245.0,217.6,128.0,9
268,411.6,271.6,28.2,16.8,75
269,427.5,273.7,33.8,21.5,64
270,423.4,277.0,34.8,20.4,63
271,422.2,277.0,35.8,20.0,61
272,407.0,274.0,37.0,22.0,58
273,407.0,274.0,34.9,23.8,59
274,433.4,272.36,42.1,26.15,50
275,412.3,267.3,46.8,29.9,42
276,361.2,262.0,55.0,35.0,37
277,337.6,262.0,57.9,36.0,35
278,216.0,275.0,85.0,49.0,26
279,0.0,246.0,195.8,86.2,12
280,534.8,269.6,25.5,21.1,88
281,527.0,271.0,25.4,20.3,86
282,524.6,265.0,28.2,22.0,85
283,530.0,264.3,27.0,22.7,83
284,530.0,267.3,30.0,22.7,82
285,526.0,267.0,29.0,22.0,79
286,418.0,264.0,34.4,27.6,65
287,414.6,267.3,37.2,28.4,64
288,247.7,244.6,110.7,72.2,27
289,441.0,274.0,22.0,16.0,75
290,450.0,274.1,22.4,16.9,52
291,450.0,273.9,21.0,17.1,73
292,449.0,274.5,22.8,17.5,43
293,449.0,274.5,23.0,17.5,66
294,449.0,274.0,23.0,19.7,68
295,398.0,272.0,38.0,30.4,31
296,398.0,272.0,38.0,29.1,52
297,460.4,272.8,25.6,16.3,72
298,236.0,257.0,100.0,60.0,42
299,105.0,254.0,166.0,86.0,14
300,442.3,273.0,29.0,20.0,63
301,460.0,274.3,25.0,19.0,87
302,349.0,269.0,63.0,39.0,29
303,449.0,275.0,32.0,21.0,68
304,114.0,247.0,167.2,84.0,13
305,429.0,267.0,40.3,29.0,52
306,389.0,260.0,45.6,35.0,46
307,392.0,262.0,48.0,36.0,44
308,394.0,259.0,47.9,36.0,42
309,327.0,257.0,63.1,44.0,35
310,481.0,273.0,26.0,16.0,87
311,224.0,260.0,103.0,64.0,22
312,446.0,272.0,27.4,18.7,72
313,444.3,264.2,29.7,20.3,62
314,410.3,265.3,31.0,20.7,61
315,394.7,267.6,31.9,20.9,61
316,393.0,270.0,33.8,25.4,59
317,442.76,266.0,25.54,19.98,85
318,450.98,267.7,27.92,21.06,83
319,407.8,267.8,36.6,25.2,54
320,377.2,273.8,41.8,28.8,48
321,394.0,274.2,48.0,31.8,42
322,475.0,277.0,29.0,20.0,70
323,291.4,268.0,79.6,44.0,28
324,265.6,262.0,84.4,46.0,27
325,145.0,248.0,126.0,60.0,21
326,55.0,245.0,152.0,69.0,17
327,0.0,249.0,145.0,73.0,16
328,325.8,261.5,60.4,47.0,40
329,337.3,261.0,61.7,48.3,38
330,351.0,249.6,65.0,52.4,35
331,191.1,244.6,107.7,72.2,24
332,172.2,238.4,117.8,74.4,22
333,459.3,266.7,22.0,17.7,96
334,455.1,266.0,20.8,17.7,94
335,456.04,273.04,22.96,18.4,86
336,465.0,270.8,26.0,20.8,78
337,475.0,272.64,25.4,21.4,76
338,460.0,266.0,40.0,27.0,52
339,438.0,262.0,41.0,29.0,51
340,440.0,264.0,42.0,31.0,50
341,452.0,255.1,45.0,34.35,45
342,416.1,249.3,51.3,38.1,41
343,345.0,245.1,56.0,39.9,37
344,329.0,254.0,63.4,43.0,35
345,342.3,247.3,63.5,50.4,34
346,300.0,245.0,72.0,51.0,30
347,272.0,244.0,86.0,58.0,25
348,227.0,236.3,105.6,66.7,22
349,194.2,230.4,113.4,73.5,22
350,136.0,221.2,132.0,79.8,18
351,83.0,227.6,157.0,95.4,15
352,0.0,211.2,145.0,117.8,13
353,1.0,203.7,124.6,126.7,12
354,580.0,250.7,19.5,16.3,88
355,552.0,254.4,28.0,23.6,66
356,554.5,254.5,29.3,24.95,65
357,574.7,252.7,35.5,28.3,55
358,572.85,253.62,36.55,27.88,53
359,525.0,258.0,29.0,19.0,76
360,571.2,248.8,40.8,31.2,48
361,622.0,252.0,23.9,19.0,72
362,564.0,254.0,48.0,36.0,41
363,620.6,257.8,27.0,20.8,73
364,630.0,251.0,27.8,21.0,72
365,633.3,244.3,27.4,22.6,71
366,524.0,238.5,54.3,43.27,33
367,472.0,245.7,40.0,24.3,64
368,585.5,249.5,35.7,26.4,58
369,358.3,228.8,148.0,111.2,11
370,557.2,264.0,23.7,15.6,61
371,296.0,214.6,179.8,128.4,10
373,536.0,239.0,27.0,21.0,79
374,538.0,241.2,30.0,21.8,79
375,253.0,228.0,95.0,68.0,42
376,500.0,247.0,23.0,15.0,98
377,504.0,247.0,25.5,16.0,97
378,505.3,247.0,23.6,15.0,97
379,511.4,248.0,24.6,17.0,96
380,525.0,246.7,25.4,19.3,95
381,525.0,244.0,23.8,20.0,93
382,522.0,243.0,25.3,18.4,92
383,354.6,247.0,122.4,82.8,26
384,531.5,256.3,22.2,19.2,96
385,547.0,260.3,22.8,18.7,94
386,544.0,259.7,23.6,19.3,93
387,548.0,251.2,25.5,20.8,91
388,380.0,253.0,40.0,28.0,89
389,437.6,264.0,24.7,16.0,79
390,406.0,263.0,29.4,18.0,74
391,499.0,257.0,29.4,20.0,65
393,556.8,248.0,18.2,15.0,54
396,527.3,242.31,26.7,23.59,41
398,532.0,250.0,20.8,14.0,59
399,63.0,267.0,47.0,24.0,22
400,246.0,228.0,145.0,84.0,15
401,527.0,254.0,25.0,20.0,81
402,566.99,253.3,22.91,18.32,95
403,518.7,255.0,26.6,20.0,94
404,512.0,257.0,24.4,19.0,93
405,501.41,258.0,25.0,19.0,79
406,427.0,257.0,27.0,18.7,76
407,456.0,288.0,20.1,15.4,94
408,519.6,255.5,29.4,22.5,76
409,511.7,261.5,17.0,12.9,92
410,530.6,251.8,28.7,23.7,70
411,543.0,258.0,32.0,20.0,69
412,512.7,259.0,35.3,20.0,64
413,493.0,257.0,35.0,21.0,63
414,484.9,259.0,24.0,20.3,90
415,461.6,260.0,36.1,26.4,55
416,538.8,268.9,15.7,12.4,89
417,437.8,263.6,21.6,18.36,45
418,451.13,249.7,46.27,39.19,39
419,434.0,251.0,49.0,37.0,38
420,154.0,269.0,54.0,28.0,87
420,544.64,264.9,17.96,13.52,87
421,195.0,252.0,115.0,81.0,17
422,331.0,267.0,55.0,39.0,34
423,145.0,251.0,148.0,87.0,14
424,0.0,241.0,210.0,134.0,9
425,0.0,241.0,205.0,141.0,8
426,431.0,274.0,22.0,15.0,92
427,533.87,265.6,20.13,13.52,77
428,433.0,271.0,30.0,21.0,58
429,426.0,276.0,28.0,22.0,56
430,426.0,272.1,31.0,20.9,54
431,415.0,269.0,34.0,24.0,45
432,429.0,260.0,22.0,15.0,76
432,453.0,257.0,31.0,18.0,76
433,462.0,259.0,54.0,45.0,29
434,462.0,257.0,59.0,46.0,27
435,462.0,257.0,59.0,46.0,28
436,285.51,242.8,118.29,73.76,15
437,137.0,231.0,201.0,122.0,8
438,417.0,273.0,33.0,21.0,70
439,384.0,278.0,33.0,22.0,66
440,389.77,264.6,36.83,27.68,59
447,591.0,275.0,29.0,16.0,78
449,570.9,267.22,28.1,17.08,75
450,563.0,269.0,31.0,19.0,74
451,558.0,274.0,31.0,15.0,72
455,503.0,263.0,33.0,19.0,57
456,507.0,263.0,33.0,19.0,57
457,511.0,266.0,38.0,21.0,55
458,444.0,249.0,45.0,31.0,41
459,469.0,247.0,53.0,42.0,33
460,320.0,279.0,47.0,33.0,43
461,85.58,251.7,131.52,65.25,20
462,466.0,268.0,26.0,17.0,96
463,390.44,300.92,29.0,18.0,89
464,410.0,297.0,29.0,18.0,87
465,489.35,277.78,24.0,15.0,85
466,502.07,282.2,24.0,15.0,83
467,478.99,280.4,29.21,22.0,81
468,469.0,281.0,30.0,19.0,80
469,444.83,259.8,33.07,22.47,79
470,410.39,249.6,32.71,22.01,76
471,379.0,287.2,34.7,21.8,73
472,361.6,271.3,33.8,25.3,72
473,368.0,294.0,38.0,24.0,70
474,391.8,283.4,36.3,28.7,65
475,389.0,258.0,40.0,27.0,64
476,393.0,249.0,40.0,27.0,62
477,389.0,276.0,41.0,30.0,57
478,373.92,259.6,43.28,30.48,56
479,387.82,217.6,52.38,35.74,47
480,347.99,268.0,72.61,41.97,41
481,342.0,269.0,66.0,39.0,39
482,1.0,333.0,126.0,148.0,11
483,168.18,242.7,123.32,64.24,26
484,481.1,275.6,15.3,12.4,95
484,172.0,283.0,50.0,27.0,95
484,283.0,285.0,28.0,18.0,95
485,523.7,259.2,16.6,15.7,81
486,495.0,275.0,28.0,19.0,74
487,495.0,273.0,29.0,18.0,73
488,495.0,268.0,29.0,19.0,72
489,465.0,265.0,28.0,20.0,70
490,457.0,273.0,32.0,22.0,68
491,435.0,273.0,33.0,22.0,64
492,405.0,274.0,51.0,34.0,41
493,400.0,258.0,55.0,38.0,38
494,197.0,240.2,129.8,72.31,19
495,96.0,245.0,190.0,98.0,13
496,484.0,264.8,34.3,26.2,67
497,462.52,256.4,39.88,29.73,10
498,460.05,255.5,41.25,30.63,62
499,450.85,249.1,42.55,35.27,55
500,431.1,250.7,45.5,32.3,50
501,423.33,245.1,48.77,36.34,49
502,367.6,265.8,64.4,45.7,38
503,211.1,243.7,138.19,85.2,19
504,22.2,249.2,287.3,138.1,12
505,0.0,356.0,54.0,131.0,10
506,603.0,244.0,54.0,32.0,45
507,524.0,267.5,51.0,31.5,43
508,491.64,249.7,18.76,17.8,74
509,486.04,254.6,17.06,17.9,73
510,459.8,254.7,21.1,17.28,67
511,409.0,263.0,37.0,24.0,54
512,462.0,256.0,30.0,24.0,65
513,467.52,257.52,33.0,24.0,63
514,164.0,244.0,131.0,77.0,18
515,356.0,255.0,59.0,39.0,37
516,540.2,263.2,14.6,10.16,99
517,361.0,269.0,58.0,37.0,39
518,319.5,243.1,87.3,53.5,26
519,287.0,237.0,99.0,59.0,24
520,206.0,228.0,137.0,75.0,19
521,180.0,220.0,140.0,80.0,18
522,0.0,201.0,187.0,107.0,14
523,1.0,185.8,61.0,121.2,11
524,470.0,257.3,32.0,21.7,57
525,470.0,263.0,60.0,38.0,36
526,431.2,256.3,32.8,23.7,54
527,409.38,262.11,36.0,24.1,51
528,412.0,297.0,33.0,30.9,59
529,323.0,271.13,32.0,27.0,56
530,368.0,263.0,29.0,23.0,75
531,401.0,267.0,30.0,22.0,72
532,485.0,273.0,30.0,25.0,69
533,507.0,260.0,37.0,31.0,46
534,574.0,257.0,32.0,24.0,61
535,338.0,252.0,70.0,49.0,39
536,352.0,250.0,73.0,52.0,37
537,357.0,249.0,77.0,52.0,36
538,452.0,258.0,22.0,16.0,80
539,356.0,247.0,81.0,53.0,35
540,461.0,258.0,20.0,16.0,79
541,348.0,250.0,85.0,53.0,33
542,323.0,241.0,90.0,58.0,32
543,107.0,240.0,136.0,79.0,25
544,25.0,259.0,165.0,95.0,22
545,0.0,231.0,188.0,142.0,14
546,0.0,209.0,101.0,141.0,13
547,0.0,373.0,50.0,112.0,9
548,484.0,252.0,36.0,29.0,54
549,470.3,251.3,36.5,31.4,48
550,457.0,249.0,37.0,30.0,40
551,399.69,259.4,35.91,25.62,32
552,355.0,246.0,73.0,54.0,24
553,355.0,246.0,73.0,54.0,26
554,452.0,258.0,32.0,24.0,52
555,471.0,255.0,43.0,28.0,53
556,479.0,257.0,43.0,30.0,52
557,489.0,258.0,41.0,31.0,50
558,518.0,262.0,45.0,31.0,49
559,675.31,268.5,25.89,20.04,76
560,0.0,237.0,212.0,131.0,11
561,399.0,251.0,73.0,50.0,30
562,590.0,260.0,31.0,24.0,59
563,289.0,231.0,106.0,67.0,20
564,207.0,228.0,128.0,79.0,17
565,80.0,230.0,183.0,102.0,15
566,39.0,233.0,206.0,116.0,14
567,484.0,249.0,46.0,36.0,41
568,531.0,244.0,61.0,48.0,31
569,408.0,238.0,83.0,66.0,22
570,111.0,185.0,284.0,175.0,7
571,686.0,260.0,27.0,19.0,66
572,576.0,252.0,36.0,25.0,57
573,534.0,256.0,40.0,26.0,53
574,528.0,251.0,41.0,28.0,52
575,527.0,257.0,42.0,27.0,50
576,524.0,264.0,42.0,29.0,50
577,496.0,249.0,44.0,30.0,46
578,445.0,267.0,56.0,33.0,38
579,507.0,259.0,67.0,41.0,32
580,507.0,259.0,67.0,41.0,55
581,261.0,258.0,109.0,64.0,19
582,542.0,257.0,40.0,32.0,46
583,411.0,251.0,61.0,39.0,33
584,259.0,258.0,126.0,71.0,18
585,566.0,257.0,42.0,33.0,44
586,258.0,251.0,137.0,75.0,17
587,239.0,246.0,147.0,79.0,15
588,593.1,242.0,50.9,38.0,52
589,201.0,244.0,172.0,88.0,13
590,201.0,244.0,172.0,88.0,50
591,707.0,260.0,27.0,15.0,90
592,528.3,251.3,46.3,38.57,38
593,535.0,234.0,86.0,62.0,22
594,730.0,262.0,37.0,18.0,74
595,734.0,263.0,25.0,18.0,67
595,634.0,264.0,31.0,19.0,67
595,802.0,263.0,42.0,16.0,67
596,139.0,198.0,297.0,178.0,6
597,651.0,255.0,42.0,24.0,55
598,659.0,260.0,39.0,26.0,54
599,553.0,258.0,53.0,30.0,42
600,409.0,254.0,79.0,45.0,28
601,614.08,256.36,30.0,21.0,72
602,615.0,255.0,31.0,21.0,71
603,350.0,242.0,108.0,58.0,20
604,596.0,250.0,71.0,44.0,67
605,566.0,250.0,73.0,45.0,65
606,527.0,246.0,76.0,48.0,63
607,501.0,244.0,77.0,51.0,63
608,717.0,259.0,31.0,18.0,81
609,450.0,242.0,106.0,67.0,52
610,428.0,236.0,121.0,77.0,20
611,590.0,257.0,46.0,28.0,50
612,590.0,257.0,46.0,28.0,51
613,731.0,253.0,33.0,20.0,78
614,764.0,252.0,28.0,18.0,91
615,339.0,218.0,168.0,98.0,14
616,579.0,256.0,50.0,30.0,46
617,739.0,260.0,33.0,19.0,73
618,773.0,260.0,34.0,18.0,87
619,564.0,257.0,51.0,32.0,44
620,201.0,257.0,104.0,53.0,22
621,201.0,257.0,104.0,53.0,23
622,201.0,257.0,104.0,53.0,26
623,437.0,256.0,58.0,35.0,60
624,437.0,256.0,58.0,35.0,61
625,437.0,256.0,58.0,35.0,63
626,201.0,256.0,109.0,57.0,20
627,201.0,256.0,109.0,57.0,22
628,224.0,244.0,135.0,79.0,18
629,597.0,259.0,49.0,30.0,47
630,200.0,243.0,146.0,82.0,17
631,592.0,260.0,49.0,30.0,46
632,163.0,232.0,163.0,92.0,15
633,591.0,257.0,50.0,29.0,45
634,127.0,230.0,186.0,98.0,13
635,600.0,258.0,49.0,31.0,43
636,0.0,202.0,201.0,135.0,12
637,591.0,256.0,53.0,37.0,39
638,505.0,254.0,64.0,44.0,33
639,511.0,254.0,64.0,45.0,31
640,504.0,252.0,66.0,46.0,30
641,569.0,257.0,52.0,36.0,42
642,489.0,245.0,77.0,55.0,24
643,473.0,245.0,86.0,58.0,24
644,372.0,232.0,107.0,73.0,18
645,325.0,232.0,121.0,83.0,16
646,459.0,252.0,70.0,47.0,29
647,298.0,229.0,136.0,91.0,14
648,276.0,228.0,154.0,106.0,13
649,240.0,212.0,212.0,133.0,9
650,184.0,213.0,253.0,141.0,8
651,577.0,258.0,29.0,15.0,6
651,67.0,200.0,335.0,183.0,6
652,8.0,192.0,368.0,219.0,5
653,5.0,185.0,362.0,233.0,4
654,0.0,157.0,325.0,298.0,3
655,632.46,255.8,32.54,19.47,85
656,575.0,256.0,37.0,23.0,83
657,600.0,257.0,39.0,28.0,62
658,574.0,259.0,41.0,31.0,48
659,557.0,244.0,47.0,35.0,44
660,609.0,250.0,33.0,21.0,66
661,586.0,240.0,49.0,32.0,46
662,624.0,255.0,37.0,23.0,61
663,460.0,246.0,54.0,34.0,42
664,596.0,249.0,37.0,25.0,59
665,575.8,238.3,55.7,44.23,41
666,634.0,247.0,39.0,25.0,59
667,514.0,259.0,27.0,19.0,85
668,541.0,242.0,60.0,44.0,39
669,605.0,253.0,36.0,23.0,57
670,514.0,239.0,60.0,47.0,39
671,705.0,248.0,27.0,16.0,88
672,436.0,243.0,63.0,40.0,55
673,670.5,247.0,26.5,18.0,82
674,537.0,236.0,64.0,50.0,37
675,643.59,248.0,26.81,16.75,79
676,514.0,260.0,27.0,19.0,84
677,534.0,237.0,67.0,53.0,30
678,612.0,251.0,38.0,26.0,52
679,515.0,239.0,69.0,51.0,29
680,595.0,252.0,42.0,27.0,52
681,501.0,257.0,27.0,20.0,83
682,451.0,265.0,24.0,20.0,79
683,450.0,262.0,26.0,20.0,77
684,477.0,257.0,25.0,20.0,77
685,488.0,256.0,59.0,36.0,23
686,599.0,259.7,32.0,20.3,62
687,599.0,261.0,33.0,19.0,62
688,511.0,260.0,57.0,34.0,21
689,11.0,256.0,141.0,87.0,15
690,0.0,239.0,193.0,119.0,11
691,0.0,230.0,161.0,118.0,10
692,234.47,238.7,69.23,56.78,30
693,244.0,255.0,67.0,54.0,28
694,257.0,254.0,67.0,55.0,28
695,266.0,251.0,64.0,54.0,27
696,293.0,247.0,67.0,55.0,26
697,296.0,245.0,67.0,58.0,26
698,268.0,253.0,74.0,59.0,25
699,257.0,255.0,88.0,63.0,24
700,256.0,248.0,106.0,68.0,20
701,169.0,242.0,143.0,83.0,18
702,169.0,242.0,143.0,83.0,44
703,349.0,257.0,75.0,37.0,43
704,375.0,255.0,66.0,40.0,12
705,435.0,256.0,59.0,42.0,10
706,435.0,256.0,59.0,42.0,39
707,442.0,256.0,55.0,41.0,39
708,434.0,255.0,51.0,41.0,36
709,561.0,267.0,35.0,19.0,35
709,85.0,263.0,40.0,25.0,35
709,613.0,267.0,28.0,19.0,35
709,122.0,266.0,55.0,21.0,35
709,473.0,251.0,54.0,46.0,35
709,336.0,258.0,55.0,26.0,35
710,457.0,252.0,60.0,47.0,33
711,435.0,256.0,62.0,46.0,33
712,398.0,249.0,73.0,52.0,29
713,385.0,253.0,82.0,56.0,28
714,397.2,238.2,127.2,77.5,56
715,550.0,253.0,44.0,30.0,55
716,511.0,257.0,41.0,29.0,54
717,101.94,224.9,237.86,121.41,12
718,562.0,260.0,40.0,30.0,51
719,464.0,258.0,45.0,30.0,49
720,441.0,258.0,46.0,30.0,48
721,435.0,262.0,50.0,33.0,48
722,435.0,263.0,50.0,32.0,48
723,436.0,260.0,48.0,34.0,48
724,410.0,274.0,47.0,34.0,42
725,483.0,256.0,35.0,24.0,61
726,327.0,282.0,68.0,46.0,34
727,178.0,324.0,95.0,65.0,30
728,431.0,287.0,33.0,26.0,55
729,2.0,317.0,151.0,91.0,19
730,0.0,317.0,121.0,101.0,17
731,492.0,273.0,40.0,29.0,48
732,488.0,275.0,41.0,32.0,46
733,484.0,275.0,42.0,32.0,45
734,477.0,276.0,47.0,32.0,42
735,470.0,271.0,51.0,44.0,35
736,450.0,270.0,77.0,54.0,28
737,441.0,261.0,33.0,26.0,56
738,473.0,265.0,21.0,19.0,76
739,517.0,277.0,40.0,31.0,48
740,123.0,328.0,130.0,86.0,17
741,500.0,275.0,48.0,38.0,37
742,471.0,260.0,36.0,26.0,54
743,505.0,262.0,25.0,19.0,74
744,0.0,324.0,150.0,140.0,11
745,486.0,275.0,56.0,43.0,30
746,474.0,258.0,38.0,28.0,52
747,510.0,263.0,24.0,18.0,73
748,497.0,262.0,27.0,20.0,70
749,391.0,301.0,38.0,31.0,52
750,492.0,262.0,29.0,20.0,69
751,496.0,262.0,27.0,19.0,68
752,444.0,255.0,46.0,31.0,46
753,470.0,285.0,35.0,26.0,63
754,558.0,276.0,29.0,18.0,85
755,442.0,286.0,41.0,29.0,55
756,434.0,286.0,42.0,32.0,53
757,432.0,287.0,42.0,32.0,52
758,91.0,238.0,164.0,93.0,15
759,421.0,255.0,53.0,38.0,33
760,374.0,291.0,55.0,39.0,42
761,578.0,274.0,25.0,17.0,70
762,591.0,273.0,26.0,17.0,85
763,431.0,287.0,39.0,30.0,42
764,592.0,273.0,23.0,16.0,83
765,548.0,275.0,31.0,20.0,79
766,442.0,276.0,62.0,46.0,31
767,539.0,275.0,30.0,23.0,75
768,433.0,276.0,63.0,47.0,38
769,537.0,274.0,31.0,23.0,73
770,535.0,275.0,30.0,24.0,72
771,527.0,275.0,30.0,24.0,67
772,354.0,278.0,98.0,71.0,21
773,339.0,275.0,103.0,81.0,18
774,339.0,275.0,103.0,82.0,65
775,318.0,277.0,113.0,78.0,15
776,505.0,277.0,44.0,26.0,62
777,504.0,278.0,39.0,26.0,61
778,200.89,275.0,177.01,120.0,12
779,374.0,280.0,78.0,56.0,27
780,231.0,267.0,139.0,93.0,17
781,79.0,275.0,209.0,127.0,11
782,350.0,291.0,58.0,38.0,41
783,411.0,291.0,60.0,38.0,57
784,308.0,307.0,62.0,44.0,37
785,407.0,292.0,60.0,39.0,56
786,397.0,290.0,63.0,42.0,55
787,391.0,290.0,62.0,43.0,54
788,212.0,313.0,94.0,65.0,34
789,365.0,292.0,69.0,51.0,49
790,198.0,330.0,93.0,64.0,33
791,355.0,304.0,70.0,53.0,48
792,344.05,304.01,73.95,55.99,46
793,0.0,225.0,171.0,140.0,16
794,225.71,299.9,127.69,100.19,20
795,158.0,302.0,175.0,112.0,15
796,431.61,286.4,70.39,57.77,30
797,97.0,308.0,203.0,131.0,14
798,97.0,308.0,203.0,131.0,29
799,0.0,323.0,222.0,154.0,23
800,526.0,284.0,26.0,17.0,94
801,523.0,285.0,27.0,19.0,88
802,494.0,286.0,28.0,23.0,79
803,492.0,288.0,28.0,21.0,77
804,492.0,288.0,27.0,21.0,76
805,490.0,288.0,29.0,20.0,74
806,473.0,290.0,32.0,24.0,68
807,463.0,293.0,34.0,24.0,64
808,230.0,229.0,203.0,114.0,10
809,510.0,286.0,23.0,19.0,92
810,135.0,219.0,260.0,136.0,9
811,491.0,288.0,25.0,21.0,84
812,491.0,288.0,25.0,21.0,86
813,484.0,290.0,28.0,21.0,83
814,461.0,290.0,31.0,23.0,74
815,446.0,295.0,31.0,24.0,70
816,446.0,292.0,32.0,25.0,64
817,433.0,293.0,38.0,28.0,58
818,578.6,279.3,20.3,11.64,99
819,396.0,292.0,43.0,31.0,50
820,368.83,296.5,52.57,38.47,46
821,361.33,294.8,52.57,36.5,44
822,360.0,298.0,49.0,37.0,43
823,349.64,299.13,51.62,42.06,41
824,324.76,302.3,62.24,51.75,96
825,530.0,278.0,37.0,22.0,70
826,612.0,269.0,21.0,15.0,87
827,522.0,280.0,39.0,22.0,69
828,606.0,272.0,22.0,14.0,85
829,519.0,281.0,33.2,23.0,68
830,604.0,274.5,16.0,13.5,84
831,165.0,301.0,126.0,75.0,20
832,516.0,284.0,33.0,22.0,65
833,511.0,281.4,33.8,23.6,63
834,19.0,302.0,184.0,105.0,17
835,465.0,285.6,34.0,27.0,55
836,524.85,279.9,32.45,23.27,65
837,441.88,284.3,41.0,31.9,46
838,435.0,286.0,44.0,32.0,46
839,422.0,292.0,44.0,29.0,44
840,508.64,279.2,33.16,25.96,59
841,409.8,291.1,45.6,36.8,42
842,500.26,278.07,34.64,31.45,57
843,491.52,280.6,38.08,32.37,54
844,632.67,264.1,16.63,12.17,88
845,599.58,257.3,21.32,15.96,83
846,0.0,182.0,133.0,197.0,6
847,607.52,256.0,22.88,17.0,82
848,601.4,259.3,23.6,14.7,81
849,316.0,305.0,61.0,43.0,37
850,595.9,261.2,23.1,16.8,79
851,309.0,305.0,63.0,46.0,36
852,308.0,304.0,63.0,45.0,34
853,606.8,254.8,30.2,20.2,78
854,614.1,248.8,27.1,22.0,76
855,614.78,249.7,25.62,19.42,74
856,497.0,291.0,26.0,17.0,89
857,499.0,289.0,25.0,17.0,88
858,503.0,286.0,27.0,19.0,86
859,500.0,286.0,27.0,20.0,85
860,497.0,286.0,28.0,20.0,83
861,491.0,288.0,27.0,20.0,81
862,609.0,250.6,28.0,21.4,73
863,491.0,287.0,29.0,20.0,80
864,492.0,287.0,30.0,21.0,79
865,491.0,288.0,28.0,21.0,77
866,489.0,288.0,29.0,21.0,75
867,485.0,287.0,29.0,21.0,74
868,473.0,287.0,31.0,22.0,72
869,597.0,252.0,34.0,20.0,72
870,464.0,288.0,30.0,23.0,71
871,456.0,291.0,30.0,22.0,69
872,443.0,292.0,32.0,22.0,67
873,431.0,295.0,32.0,23.0,66
874,594.0,250.0,33.0,20.0,70
875,602.0,251.0,39.0,21.0,69
876,630.0,250.0,35.0,20.0,68
877,360.0,304.0,55.0,39.0,39
878,336.15,300.9,70.25,50.24,32
879,283.0,304.0,84.0,59.0,28
880,238.0,305.0,97.0,66.0,26
881,196.0,309.0,106.0,74.0,23
882,171.0,313.0,114.0,76.0,22
883,83.0,315.0,140.0,90.0,19
884,673.0,248.0,31.0,24.0,61
885,654.0,252.0,34.0,26.0,57
886,458.0,294.0,33.0,20.0,59
887,651.0,255.0,39.0,28.0,49
888,428.0,294.0,37.0,25.0,50
889,424.0,296.0,39.0,25.0,49
890,419.0,295.0,39.0,27.0,48
891,417.0,295.0,42.0,28.0,46
892,366.0,300.0,56.0,39.0,33
893,356.0,293.0,71.0,47.0,28
894,157.0,301.0,144.0,82.0,16
895,584.0,242.0,42.0,30.0,41
896,587.0,245.0,41.0,30.0,34
897,587.0,245.0,41.0,30.0,37
898,599.0,246.0,44.0,32.0,34
899,454.0,289.0,42.0,30.0,44
900,377.0,300.0,45.0,34.0,42
901,375.0,299.0,45.0,34.0,41
902,360.0,296.0,50.0,36.0,41
903,303.0,238.0,128.0,76.0,29
904,327.0,294.0,61.0,41.0,32
905,335.0,293.0,71.0,53.0,24
906,310.0,238.0,127.0,79.0,26
907,310.0,237.0,127.0,79.0,23
908,329.0,232.0,125.0,74.0,17
909,255.0,235.0,127.0,80.0,19
910,250.0,238.0,136.0,79.0,18
911,245.0,242.0,137.0,80.0,18
911,364.0,254.0,28.0,28.0,18
912,237.0,238.0,137.0,84.0,17
913,235.0,241.0,139.0,83.0,17
914,231.0,247.0,141.0,85.0,17
915,231.0,250.0,146.0,87.0,17
916,493.0,297.0,29.0,19.0,68
917,524.04,299.0,11.86,9.77,98
918,491.0,273.0,29.0,19.0,61
919,523.26,272.24,14.42,12.42,92
920,487.0,272.0,33.0,21.0,60
921,538.08,273.5,14.92,9.18,90
922,473.54,281.48,40.1,27.8,50
923,517.98,280.74,15.38,10.78,82
924,516.53,276.0,18.77,15.54,81
925,488.8,262.8,37.9,35.9,48
926,530.0,263.7,19.1,21.0,77
927,536.8,277.4,17.4,12.79,75
928,475.0,283.0,46.3,42.6,39
929,519.3,284.5,24.7,22.36,70
930,422.0,305.0,42.0,30.0,40
931,172.0,288.0,201.0,152.0,9
932,413.0,308.0,46.0,30.0,37
933,464.1,300.36,19.6,12.84,96
934,412.0,309.0,47.0,30.0,36
935,439.0,302.0,28.0,21.0,61
936,1.0,222.0,211.0,166.0,8
937,433.96,296.0,32.54,32.77,59
938,1.0,307.0,170.0,250.0,5
939,431.57,296.2,34.63,31.6,58
940,417.81,295.9,41.79,36.09,47
941,348.93,280.6,78.67,70.7,24
942,462.04,297.96,14.7,11.31,99
943,338.17,280.9,79.43,67.53,22
944,246.0,301.0,65.0,51.0,30
945,376.46,298.2,22.64,18.48,89
946,481.57,287.9,24.13,25.9,74
947,491.84,285.8,28.06,26.32,72
948,550.0,265.0,50.0,36.0,39
949,606.0,259.0,32.0,23.0,69
950,507.0,269.0,59.0,45.0,33
951,499.96,267.8,54.54,49.12,32
952,609.0,249.0,32.0,21.0,66
953,609.0,249.0,32.0,21.0,68
954,296.0,303.0,64.0,51.0,33
955,369.0,263.0,113.0,93.0,16
956,528.8,278.8,25.1,19.72,76
957,291.0,259.0,161.0,124.0,11
958,486.0,283.0,44.0,30.0,37
959,626.0,255.0,33.0,20.0,65
960,633.0,254.0,33.0,21.0,64
961,365.0,285.0,101.0,77.0,16
962,628.0,252.0,34.0,21.0,62
963,479.04,279.05,45.0,37.5,46
964,476.0,284.0,47.0,31.0,45
965,474.0,286.8,47.0,32.2,41
966,618.0,254.0,33.0,22.0,61
967,561.0,262.0,58.0,43.0,32
968,588.0,263.0,36.0,20.0,57
969,580.0,267.0,37.0,22.0,55
970,463.34,253.0,102.03,86.69,17
971,583.0,260.6,34.0,22.4,59
972,546.0,274.0,43.0,29.0,45
973,546.0,274.0,43.0,29.0,78
974,577.0,258.0,34.0,25.0,57
975,526.0,277.0,47.0,32.0,41
976,223.0,256.0,230.0,167.0,8
977,513.0,281.0,51.0,36.0,36
978,558.0,282.0,27.0,20.0,67
979,571.0,258.0,35.0,23.0,56
980,503.0,276.0,54.0,40.0,33
981,0.0,209.0,246.0,349.0,4
982,552.0,278.0,27.0,20.0,65
983,492.0,276.0,59.0,44.0,24
984,492.0,276.0,59.0,44.0,28
985,550.0,280.0,26.0,20.0,57
986,219.0,196.0,301.0,195.0,13
991,579.2,257.0,37.8,25.0,46
992,227.0,191.0,301.0,193.0,8
993,493.0,277.0,60.0,41.0,28
994,0.0,220.0,308.0,335.0,5
995,482.0,276.0,59.0,43.0,27
996,1.0,194.0,263.0,380.0,4
997,459.0,279.0,70.0,48.0,24
998,273.0,276.0,178.0,119.0,10
999,235.0,273.0,204.0,133.0,9
1000,255.0,310.0,98.0,57.0,24
1002,555.0,253.0,33.0,37.0,35
1003,528.0,280.0,24.0,18.0,96
1004,445.0,293.0,45.0,27.0,51
1005,438.0,293.0,47.0,28.0,50
1006,431.0,294.0,47.0,29.0,48
1007,423.0,295.0,48.0,30.0,47
1008,404.0,298.0,53.0,34.0,42
1009,573.98,278.38,16.8,10.55,92
1010,259.0,316.0,94.0,53.0,28
1011,210.0,319.0,110.0,62.0,26
1012,158.0,326.0,127.0,67.0,24
1014,535.0,281.0,21.7,17.0,77
1015,502.0,286.8,24.5,19.2,46
1016,529.0,279.9,23.2,19.1,97
1017,527.0,281.7,25.48,18.14,96
1018,523.8,280.0,22.28,19.7,95
1019,489.0,289.0,27.0,21.6,72
1020,483.0,289.0,30.0,23.0,70
1021,1.0,355.0,127.0,91.0,17
1022,390.0,293.0,56.0,42.0,37
1023,479.0,290.0,29.0,22.0,66
1024,519.06,269.2,55.94,47.89,32
1025,506.25,265.8,60.95,56.01,29
1026,466.96,293.0,31.4,23.4,61
1027,684.0,255.0,31.0,21.0,90
1028,456.98,264.2,87.12,80.57,21
1029,565.33,267.9,35.07,28.58,52
1030,445.15,266.8,93.15,79.22,19
1031,565.0,273.0,40.0,23.0,50
1032,669.0,259.0,29.0,19.0,90
1033,657.0,261.0,27.0,20.0,88
1034,565.1,268.4,35.9,26.6,63
1035,352.0,310.0,57.0,37.0,31
1036,600.69,266.8,23.01,16.01,90
1037,510.54,268.0,59.66,51.79,30
1038,0.0,229.0,232.0,337.0,4
1039,595.68,267.6,23.12,17.79,88
1040,591.57,267.7,30.03,25.3,39
1041,593.2,266.8,28.51,22.32,85
1042,460.89,268.4,84.21,71.0,22
1043,258.0,323.0,82.0,46.0,32
1044,528.0,267.5,51.7,45.2,78
1045,598.92,266.6,18.98,18.04,72
1046,377.0,266.0,132.0,102.0,26
1047,581.9,267.9,26.9,23.9,71
1048,228.0,200.0,213.0,143.0,15
1049,610.0,260.3,25.4,18.7,85
1050,610.0,261.8,25.7,17.2,86
1051,348.0,265.0,148.0,114.0,12
1052,600.87,268.0,17.53,16.05,70
1053,580.0,270.0,30.0,22.0,68
1054,578.0,267.1,27.5,26.69,67
1055,575.0,271.0,33.0,22.0,64
1056,309.71,261.3,179.09,134.06,11
1057,258.49,260.2,208.01,160.77,9
1058,598.0,262.0,25.0,20.0,83
1059,195.0,321.0,112.0,67.0,26
1060,595.0,263.0,24.0,18.0,81
1061,595.0,263.0,24.0,18.0,82
1062,498.0,268.2,63.5,54.8,21
1063,463.0,270.0,84.0,65.0,20
1064,563.55,268.4,36.65,29.86,53
1065,234.0,200.0,209.0,144.0,10
1066,539.0,273.0,48.0,35.0,38
1067,537.0,272.0,49.0,37.0,36
1068,179.0,261.0,261.0,184.0,8
1069,458.0,249.0,37.0,24.0,61
1070,593.0,245.0,29.0,21.0,76
1071,515.5,266.34,59.7,52.4,31
1072,503.25,264.2,64.65,61.82,26
1073,501.96,265.8,65.44,57.81,28
1074,617.0,250.0,30.0,24.0,75
1075,408.0,270.0,125.0,81.0,16
1076,268.0,216.0,214.0,139.0,9
1077,428.31,269.6,105.69,83.61,17
1078,363.51,272.2,130.69,106.08,57
1079,576.0,264.0,31.0,24.0,70
1080,231.0,205.0,222.0,143.0,9
1081,185.0,188.0,228.0,153.0,8
1082,157.0,183.0,257.0,170.0,7
1083,135.0,299.0,96.0,64.0,23
1084,591.0,256.0,34.0,27.0,56
1085,148.0,194.0,326.0,196.0,6
1086,0.0,163.0,420.0,260.0,4
1087,564.0,250.0,37.0,28.0,51
1088,568.0,251.0,38.0,32.0,50
1089,555.0,252.0,40.0,33.0,47
1090,495.0,245.0,51.0,40.0,37
1091,439.0,243.0,59.0,46.0,31
1092,66.0,265.0,132.0,79.0,19
1093,33.0,172.0,365.0,217.0,6
1094,589.0,253.0,31.0,24.0,66
1095,525.0,260.0,33.0,27.0,59
1096,513.0,259.0,34.0,27.0,54
1097,515.0,260.0,23.0,18.0,93
1098,508.0,250.7,52.0,44.3,32
1099,400.87,297.6,37.83,35.55,53
1100,535.0,251.0,41.0,32.0,44
1101,501.0,262.0,21.0,17.0,95
1102,501.0,262.0,21.0,17.0,96
1103,501.0,262.0,21.0,17.0,96
1104,501.0,262.0,21.0,17.0,98
1105,504.0,261.0,20.0,16.0,88
1106,504.0,261.0,20.0,16.0,89
1107,504.0,261.0,20.0,16.0,90
1108,230.0,318.0,109.0,76.0,17
1109,399.0,299.0,31.0,34.0,52
1110,570.0,253.0,22.0,20.0,85
1111,531.0,257.0,25.0,22.0,79
1112,517.0,260.0,26.0,22.0,74
1113,517.0,260.0,26.0,22.0,76
1114,508.0,256.0,27.0,24.0,74
1115,488.0,259.0,29.0,23.0,70
1116,501.8,252.24,28.2,24.86,70
1117,517.0,251.0,28.0,24.0,68
1118,532.0,259.0,28.0,24.0,68
1119,551.0,260.0,32.0,26.0,65
1120,513.0,254.0,35.0,29.0,57
1121,478.0,252.0,38.0,31.0,52
1122,477.0,253.0,38.0,32.0,51
1123,422.0,259.0,54.0,41.0,37
1124,316.0,232.0,121.0,86.0,17
1125,1.0,177.0,253.0,201.0,8
1126,398.0,273.9,28.1,20.1,77
1127,437.0,244.5,26.3,18.5,75
1128,490.59,237.1,20.11,16.87,73
1129,510.1,255.0,18.9,18.6,70
1130,442.0,259.0,25.0,20.0,68
1131,375.0,258.0,20.0,15.0,90
1132,331.0,245.0,23.0,17.0,88
1133,2.0,299.0,144.0,79.0,16
1134,8.0,295.0,153.0,85.0,15
1135,0.0,280.0,204.0,109.0,10
1136,0.0,272.0,169.0,110.0,9
